발생년,발생년월일시,주야,요일,사망자수,사상자수,중상자수,경상자수,부상신고자수,발생지시도,발생지시군구,사고유형_대분류,사고유형_중분류,사고유형,법규위반,도로형태_대분류,도로형태,가해자_당사자종별,피해자_당사자종별,발생위치X_UTMK,발생위치Y_UTMK,경도,위도
2013,20130103,야간,목,1,1,0,0,0,서울,송파구,차량단독,공작물충돌,공작물충돌,안전운전 의무 불이행,단일로,기타단일로,중형,0,962234,1946621,127.07263259999999,37.51810752
2013,20130107,주간,월,1,1,0,0,0,서울,영등포구,차대사람,횡단중,횡단중,신호위반,단일로,횡단보도부근,대형,보행자,947421,1948279,126.9048943,37.53232586
2013,20130107,야간,월,1,1,0,0,0,서울,마포구,차대차,정면충돌,정면충돌,신호위반,교차로,교차로내,중형,대형,945452,1953957,126.8819155,37.58338525
2013,20130108,주간,화,1,1,0,0,0,서울,마포구,차대사람,횡단중,횡단중,안전운전 의무 불이행,교차로,교차로내,소형,보행자,949091,1951060,126.923602,37.55748513
2013,20130109,주간,수,1,1,0,0,0,서울,마포구,차대사람,횡단중,횡단중,안전운전 의무 불이행,단일로,기타단일로,중형,보행자,947729,1951111,126.9081389,37.55799451
2013,20130110,주간,목,1,1,0,0,0,서울,강서구,차대차,측면직각충돌,측면직각충돌,중앙선 침범,단일로,기타단일로,대형,경형,941117,1951515,126.8323415,37.56188059
2013,20130110,야간,목,1,1,0,0,0,서울,송파구,차대사람,기타,기타,안전운전 의무 불이행,교차로,교차로내,중형,보행자,967638,1944411,127.1338814,37.49839319
2013,20130110,야간,목,1,3,1,1,0,서울,강남구,차대차,기타,기타,안전거리 미확보,단일로,기타단일로,대형,불명,957847,1947944,127.02291409999998,37.52984208
2013,20130112,야간,토,1,2,1,0,0,서울,동대문구,차량단독,기타,기타,안전운전 의무 불이행,단일로,기타단일로,소형,0,959240,1954133,127.0383355,37.58568794
2013,20130113,주간,일,1,1,0,0,0,서울,종로구,차대사람,횡단중,횡단중,안전운전 의무 불이행,단일로,횡단보도상,소형,보행자,957507,1952830,127.01878300000001,37.57386531
2013,20130113,주간,일,1,1,0,0,0,서울,영등포구,차대차,측면직각충돌,측면직각충돌,신호위반,교차로,교차로내,대형,자전거,947413,1946922,126.9049009,37.52009457
2013,20130115,야간,화,1,1,0,0,0,서울,마포구,차대차,측면직각충돌,측면직각충돌,안전거리 미확보,단일로,기타단일로,중형,중형,952429,1950307,126.9614425,37.55087666
2013,20130116,주간,수,1,1,0,0,0,서울,서대문구,차대사람,횡단중,횡단중,안전운전 의무 불이행,단일로,기타단일로,중형,보행자,952461,1952512,126.9624392,37.57020067
2013,20130117,야간,목,1,1,0,0,0,서울,동대문구,차대사람,횡단중,횡단중,안전운전 의무 불이행,교차로,교차로내,중형,보행자,959659,1954253,127.04307450000002,37.58678799
2013,20130119,야간,토,1,1,0,0,0,서울,성북구,차대사람,횡단중,횡단중,안전운전 의무 불이행,단일로,기타단일로,대형,보행자,957807,1955834,127.022044,37.60086212
2013,20130119,야간,토,1,1,0,0,0,서울,강동구,차대차,기타,기타,안전운전 의무 불이행,교차로,교차로부근,중형,자전거,971728,1951065,127.1798956,37.55850324
2013,20130121,주간,월,1,1,0,0,0,서울,강서구,차대사람,기타,기타,안전운전 의무 불이행,단일로,기타단일로,중형,보행자,940935,1952784,126.83099990000001,37.57261697
2013,20130121,야간,월,1,1,0,0,0,서울,강동구,차대사람,횡단중,횡단중,과속,단일로,기타단일로,대형,보행자,968206,1946650,127.14017630000001,37.51861022
2013,20130122,야간,화,1,1,0,0,0,서울,노원구,차대사람,길가장자리구역통행중,길가장자리구역통행중,안전운전 의무 불이행,단일로,기타단일로,중형,보행자,964241,1958613,127.0947585,37.62627537
2013,20130122,야간,화,1,2,0,1,0,서울,강남구,차대사람,기타,기타,신호위반,단일로,횡단보도상,중형,보행자,960080,1945908,127.04829699999999,37.51159028
2013,20130128,주간,월,1,1,0,0,0,서울,종로구,차대사람,차도통행중,차도통행중,안전운전 의무 불이행,교차로,교차로부근,중형,보행자,954764,1952462,126.98774340000001,37.57041774
2013,20130130,야간,수,1,1,0,0,0,서울,종로구,차대사람,횡단중,횡단중,안전운전 의무 불이행,단일로,횡단보도상,소형,보행자,954910,1952457,126.989397,37.57037984
2013,20130130,주간,수,1,1,0,0,0,서울,성북구,차대사람,차도통행중,차도통행중,안전운전 의무 불이행,단일로,기타단일로,대형,보행자,957803,1956438,127.021927,37.606398600000006
2013,20130131,주간,목,1,2,1,0,0,서울,도봉구,차대사람,횡단중,횡단중,신호위반,교차로,교차로내,소형,보행자,959410,1963590,127.03973559999999,37.67093309
2013,20130131,야간,목,1,1,0,0,0,서울,송파구,차대사람,차도통행중,차도통행중,안전운전 의무 불이행,교차로,교차로부근,소형,보행자,967003,1941434,127.1268311,37.47153752
2013,20130202,주간,토,1,1,0,0,0,서울,마포구,차대사람,횡단중,횡단중,안전운전 의무 불이행,단일로,기타단일로,중형,보행자,947383,1952994,126.90412590000001,37.57482044
2013,20130202,야간,토,1,2,0,1,0,서울,동대문구,차대차,추돌,진행중 추돌,신호위반,교차로,교차로내,중형,소형,960917,1952705,127.05740549999999,37.57288974
2013,20130207,야간,목,1,1,0,0,0,서울,성동구,차대사람,기타,기타,안전운전 의무 불이행,단일로,기타단일로,중형,보행자,958023,1950783,127.0247436,37.55543884
2013,20130207,야간,목,1,1,0,0,0,서울,종로구,차대사람,횡단중,횡단중,안전운전 의무 불이행,단일로,기타단일로,중형,보행자,956951,1952627,127.0124987,37.57200979
2013,20130208,야간,금,1,1,0,0,0,서울,영등포구,차대사람,횡단중,횡단중,보행자 보호의무 위반,단일로,횡단보도상,대형,보행자,948215,1946769,126.9139871,37.51876094
2013,20130209,야간,토,1,1,0,0,0,서울,광진구,차대사람,기타,기타,안전운전 의무 불이행,단일로,기타단일로,중형,보행자,962271,1951018,127.07339569999999,37.55897768
2013,20130211,주간,월,1,1,0,0,0,서울,노원구,차량단독,주/정차차량 충돌,주/정차차량 충돌,안전운전 의무 불이행,단일로,기타단일로,대형,대형,963184,1959494,127.0827358,37.63417428
2013,20130213,야간,수,1,1,0,0,0,서울,마포구,차량단독,공작물충돌,공작물충돌,안전운전 의무 불이행,단일로,기타단일로,중형,0,945221,1952291,126.8772611,37.57107641
2013,20130213,야간,수,1,1,0,0,0,서울,강서구,차대사람,횡단중,횡단중,안전운전 의무 불이행,단일로,기타단일로,대형,보행자,939248,1951528,126.8121263,37.56110656
2013,20130217,야간,일,1,1,0,0,0,서울,은평구,차대사람,기타,기타,안전운전 의무 불이행,교차로,교차로내,소형,보행자,946621,1953814,126.8954372,37.58216726
2013,20130219,야간,화,1,3,2,0,0,서울,서초구,차대차,추돌,주정차중 추돌,안전운전 의무 불이행,단일로,기타단일로,소형,중형,958024,1942980,127.0252008,37.48510791
2013,20130219,주간,화,1,1,0,0,0,서울,금천구,차대사람,횡단중,횡단중,안전운전 의무 불이행,교차로,교차로내,소형,보행자,946004,1940996,126.88939180000001,37.46660115
2013,20130220,주간,수,1,4,3,0,0,서울,강서구,차대차,기타,기타,안전운전 의무 불이행,단일로,기타단일로,중형,소형,943732,1951705,126.86288049999999,37.56298674
2013,20130220,주간,수,1,1,0,0,0,서울,영등포구,차대사람,횡단중,횡단중,안전운전 의무 불이행,단일로,기타단일로,중형,보행자,948738,1947220,126.9198737,37.52285509
2013,20130221,야간,목,1,2,0,1,0,서울,마포구,차대차,추돌,주정차중 추돌,안전운전 의무 불이행,단일로,기타단일로,경형,대형,944601,1952542,126.8726564,37.57058333
2013,20130221,야간,목,1,1,0,0,0,서울,마포구,차대사람,차도통행중,차도통행중,안전운전 의무 불이행,단일로,기타단일로,중형,보행자,949791,1950029,126.9315977,37.54823101
2013,20130227,야간,수,1,1,0,0,0,서울,강남구,차대사람,횡단중,횡단중,안전운전 의무 불이행,단일로,횡단보도상,대형,보행자,957882,1945360,127.02345829999999,37.50655325
2013,20130228,야간,목,1,1,0,0,0,서울,강동구,차대사람,횡단중,횡단중,안전운전 의무 불이행,교차로,교차로부근,중형,보행자,966490,1948009,127.12073000000001,37.53078261
2013,20130228,야간,목,1,1,0,0,0,서울,강서구,차대사람,기타,기타,안전운전 의무 불이행,단일로,기타단일로,대형,보행자,942133,1949834,126.84492379999999,37.54602434
2013,20130301,야간,금,1,1,0,0,0,서울,관악구,차대사람,기타,기타,안전운전 의무 불이행,단일로,기타단일로,중형,보행자,950141,1943161,126.9360259,37.48634735
2013,20130302,야간,토,1,1,0,0,0,서울,마포구,차대사람,횡단중,횡단중,안전운전 의무 불이행,단일로,기타단일로,소형,보행자,951352,1949624,126.9492955,37.54466442
2013,20130303,주간,일,1,1,0,0,0,서울,관악구,차대사람,기타,기타,안전운전 의무 불이행,단일로,기타단일로,중형,보행자,950922,1943749,126.9448205,37.49168898
2013,20130304,야간,월,1,1,0,0,0,서울,영등포구,차대사람,기타,기타,안전운전 의무 불이행,단일로,기타단일로,불명,보행자,945358,1947209,126.88162539999999,37.52256187
2013,20130305,야간,화,1,2,0,1,0,서울,금천구,차대차,추돌,진행중 추돌,안전운전 의무 불이행,단일로,기타단일로,소형,중형,946750,1938681,126.8979947,37.44577879999999
2013,20130305,주간,화,1,1,0,0,0,서울,마포구,차대사람,횡단중,횡단중,안전운전 의무 불이행,교차로,교차로내,대형,보행자,949028,1949685,126.92298429999998,37.5450886
2013,20130305,주간,화,1,1,0,0,0,서울,송파구,차대사람,횡단중,횡단중,안전운전 의무 불이행,단일로,기타단일로,소형,보행자,964446,1946462,127.09767120000001,37.51676231
2013,20130305,야간,화,1,1,0,0,0,서울,양천구,차대차,측면직각충돌,측면직각충돌,안전운전 의무 불이행,단일로,기타단일로,자전거,대형,943492,1945495,126.8606412,37.507001
2013,20130306,야간,수,1,1,0,0,0,서울,마포구,차대사람,기타,기타,안전운전 의무 불이행,단일로,기타단일로,중형,보행자,945349,1953279,126.88107140000001,37.57727064
2013,20130309,주간,토,1,1,0,0,0,서울,영등포구,차대사람,횡단중,횡단중,안전운전 의무 불이행,단일로,기타단일로,소형,보행자,945347,1947289,126.881495,37.52328227
2013,20130309,야간,토,1,1,0,0,0,서울,강서구,차량단독,공작물충돌,공작물충돌,안전운전 의무 불이행,단일로,기타단일로,원동기장치자전거,0,944201,1950673,126.86832949999999,37.55368351
2013,20130310,야간,일,1,1,0,0,0,서울,광진구,차량단독,공작물충돌,공작물충돌,안전운전 의무 불이행,단일로,교량위,경형,0,961013,1948230,127.0771238,37.53037312
2013,20130311,주간,월,1,1,0,0,0,서울,중랑구,차대차,추돌,진행중 추돌,안전운전 의무 불이행,단일로,기타단일로,원동기장치자전거,중형,963766,1955415,127.0895341,37.59743235
2013,20130312,주간,화,1,1,0,0,0,서울,강서구,차대사람,기타,기타,보행자 보호의무 위반,교차로,교차로부근,건설기계,보행자,941570,1951248,126.8384382,37.55873317
2013,20130312,주간,화,1,1,0,0,0,서울,서대문구,차대사람,차도통행중,차도통행중,중앙선 침범,단일로,기타단일로,건설기계,보행자,948660,1952938,126.9185909,37.57438781
2013,20130313,주간,수,1,6,5,0,0,서울,강남구,차대차,측면직각충돌,측면직각충돌,중앙선 침범,단일로,기타단일로,중형,중형,962453,1944394,127.0752246,37.49804361
2013,20130314,주간,목,1,1,0,0,0,서울,금천구,차대사람,횡단중,횡단중,보행자 보호의무 위반,교차로,교차로부근,건설기계,보행자,946884,1939921,126.89942020000001,37.45696293
2013,20130316,야간,토,2,2,0,0,0,서울,은평구,차대차,측면직각충돌,측면직각충돌,신호위반,교차로,교차로내,원동기장치자전거,대형,948075,1957313,126.91165590000001,37.61378708
2013,20130316,주간,토,1,1,0,0,0,서울,영등포구,차대차,측면직각충돌,측면직각충돌,안전거리 미확보,단일로,기타단일로,소형,대형,945477,1947301,126.8829652,37.52339812
2013,20130317,야간,일,1,1,0,0,0,서울,관악구,차대차,추돌,주정차중 추돌,안전운전 의무 불이행,단일로,기타단일로,소형,중형,949355,1943542,126.92710929999998,37.48973861
2013,20130317,야간,일,1,1,0,0,0,서울,성북구,차량단독,공작물충돌,공작물충돌,안전운전 의무 불이행,단일로,기타단일로,중형,0,960027,1956321,127.0474517,37.60575743
2013,20130317,야간,일,1,1,0,0,0,서울,용산구,차량단독,공작물충돌,공작물충돌,안전운전 의무 불이행,단일로,기타단일로,대형,0,951713,1947503,126.95352140000001,37.5255664
2013,20130317,주간,일,1,1,0,0,0,서울,서대문구,차대사람,기타,기타,안전운전 의무 불이행,단일로,기타단일로,대형,보행자,953087,1951645,126.96866029999998,37.56323439
2013,20130318,주간,월,1,1,0,0,0,서울,강서구,차대사람,횡단중,횡단중,안전운전 의무 불이행,단일로,기타단일로,소형,보행자,942143,1949836,126.84529340000002,37.54648608
2013,20130319,주간,화,1,1,0,0,0,서울,용산구,차대사람,횡단중,횡단중,보행자 보호의무 위반,단일로,횡단보도상,대형,보행자,957136,1947410,127.01489840000002,37.524996200000004
2013,20130319,야간,화,1,1,0,0,0,서울,강남구,차대차,측면직각충돌,측면직각충돌,신호위반,교차로,교차로내,중형,중형,961971,1944221,127.06978070000001,37.49646455
2013,20130320,주간,수,1,1,0,0,0,서울,종로구,차량단독,공작물충돌,공작물충돌,안전운전 의무 불이행,단일로,기타단일로,소형,0,952949,1954590,126.9670543,37.58950676
2013,20130320,주간,수,1,1,0,0,0,서울,구로구,차대사람,횡단중,횡단중,안전운전 의무 불이행,교차로,교차로내,건설기계,보행자,943269,1943988,126.8582345,37.49340458
2013,20130324,야간,일,1,2,0,1,0,서울,성동구,차량단독,기타,기타,안전운전 의무 불이행,단일로,기타단일로,원동기장치자전거,0,960743,1948393,127.0556659,37.53401693
2013,20130325,주간,월,1,1,0,0,0,서울,금천구,차대사람,횡단중,횡단중,안전운전 의무 불이행,단일로,기타단일로,대형,보행자,945571,1940729,126.88451529999999,37.46416923
2013,20130326,야간,화,1,1,0,0,0,서울,송파구,차대사람,횡단중,횡단중,안전운전 의무 불이행,단일로,기타단일로,소형,보행자,966687,1942882,127.12319199999999,37.48457774
2013,20130326,주간,화,1,1,0,0,0,서울,노원구,차대사람,보도통행중,보도통행중,중앙선 침범,단일로,기타단일로,소형,보행자,962419,1958989,127.07409170000001,37.62959163
2013,20130328,야간,목,1,4,0,2,1,서울,서초구,차대차,기타,기타,안전거리 미확보,단일로,기타단일로,중형,대형,963702,1940521,127.08954540000002,37.46318442
2013,20130328,주간,목,1,1,0,0,0,서울,성북구,차대사람,횡단중,횡단중,안전운전 의무 불이행,단일로,기타단일로,소형,보행자,956666,1954603,127.0091544,37.58980652
2013,20130329,야간,금,1,1,0,0,0,서울,강남구,차대사람,횡단중,횡단중,신호위반,단일로,횡단보도상,중형,보행자,964662,1943311,127.1002668,37.48836925
2013,20130329,야간,금,1,1,0,0,0,서울,관악구,차대사람,기타,기타,안전운전 의무 불이행,단일로,기타단일로,중형,보행자,952855,1941323,126.9668414,37.46992344
2013,20130330,주간,토,1,1,0,0,0,서울,성동구,차대사람,횡단중,횡단중,안전운전 의무 불이행,단일로,기타단일로,대형,보행자,960261,1949696,127.05013999999998,37.54574065
2013,20130331,야간,일,1,3,2,0,0,서울,강동구,차량단독,공작물충돌,공작물충돌,안전운전 의무 불이행,교차로,교차로부근,중형,0,969640,1950336,127.1562852,37.551866
2013,20130331,주간,일,1,1,0,0,0,서울,강동구,차대차,추돌,주정차중 추돌,안전운전 의무 불이행,단일로,기타단일로,소형,경형,967501,1950840,127.132047,37.55633577
2013,20130401,주간,월,1,1,0,0,0,서울,강남구,차대사람,기타,기타,안전운전 의무 불이행,단일로,기타단일로,중형,보행자,961566,1944811,127.0651683,37.50176569
2013,20130404,야간,목,1,3,2,0,0,서울,용산구,차대사람,보도통행중,보도통행중,기타(운전자법규위반),교차로,교차로부근,중형,보행자,952876,1948882,126.96659440000002,37.53805581
2013,20130406,야간,토,1,2,1,0,0,서울,관악구,차대차,기타,기타,과속,단일로,기타단일로,소형,원동기장치자전거,949742,1940343,126.9317155,37.46105258
2013,20130406,야간,토,1,16,2,13,0,서울,구로구,차대사람,기타,기타,안전운전 의무 불이행,단일로,기타단일로,중형,보행자,943098,1943397,126.85634590000001,37.48806731
2013,20130407,야간,일,1,7,6,0,0,서울,양천구,차대차,정면충돌,정면충돌,중앙선 침범,단일로,기타단일로,중형,중형,943654,1949589,126.86216,37.54391041
2013,20130408,주간,월,1,1,0,0,0,서울,강서구,차대차,기타,기타,안전운전 의무 불이행,단일로,기타단일로,중형,중형,938249,1955008,126.8030926,37.59374509
2013,20130411,야간,목,1,1,0,0,0,서울,강남구,차대사람,횡단중,횡단중,안전운전 의무 불이행,교차로,교차로부근,중형,보행자,961538,1942308,127.0649824,37.47920393
2013,20130413,야간,토,1,1,0,0,0,서울,송파구,차대차,측면직각충돌,측면직각충돌,신호위반,교차로,교차로내,중형,중형,964399,1945334,127.09719399999999,37.50659335
2013,20130413,야간,토,1,1,0,0,0,서울,용산구,차대사람,횡단중,횡단중,안전운전 의무 불이행,교차로,교차로부근,중형,보행자,953079,1948039,126.968946,37.53046802
2013,20130414,주간,일,1,1,0,0,0,서울,관악구,차대사람,횡단중,횡단중,안전운전 의무 불이행,단일로,기타단일로,소형,보행자,948198,1942915,126.91406620000001,37.48402314
2013,20130415,야간,월,1,1,0,0,0,서울,강서구,차대사람,횡단중,횡단중,안전운전 의무 불이행,단일로,기타단일로,대형,보행자,938164,1953529,126.79968459999999,37.57906919
2013,20130416,주간,화,1,1,0,0,0,서울,동작구,차대사람,기타,기타,기타(운전자법규위반),단일로,기타단일로,소형,보행자,950114,1943924,126.93556609999999,37.49333968
2013,20130419,주간,금,1,1,0,0,0,서울,서대문구,차대사람,횡단중,횡단중,안전운전 의무 불이행,단일로,기타단일로,대형,보행자,952373,1952625,126.96065800000001,37.57176629999999
2013,20130420,야간,토,2,2,0,0,0,서울,강남구,차대차,정면충돌,정면충돌,안전운전 의무 불이행,고가도로위,고가도로위,대형,중형,958296,1947710,127.02812469999999,37.5275249
2013,20130422,주간,월,1,1,0,0,0,서울,광진구,차대사람,횡단중,횡단중,과속,단일로,기타단일로,중형,보행자,962409,1951188,127.07437900000001,37.55927868
2013,20130423,야간,화,1,2,1,0,0,서울,강남구,차량단독,기타,기타,안전운전 의무 불이행,단일로,기타단일로,소형,0,960693,1941745,127.0554555,37.4740938
2013,20130423,야간,화,1,5,0,4,0,서울,용산구,차대차,정면충돌,정면충돌,중앙선 침범,단일로,교량위,대형,대형,951544,1948011,126.9570527,37.53333431
2013,20130424,야간,수,1,1,0,0,0,서울,구로구,차대차,측면직각충돌,측면직각충돌,중앙선 침범,단일로,기타단일로,소형,대형,940161,1942572,126.8231928,37.48044587
2013,20130424,야간,수,1,12,1,4,6,서울,서초구,차대차,측면직각충돌,측면직각충돌,안전거리 미확보,단일로,기타단일로,중형,소형,954985,1945387,126.99067990000002,37.50665983
2013,20130425,주간,목,1,1,0,0,0,서울,노원구,차대사람,기타,기타,안전운전 의무 불이행,단일로,기타단일로,소형,보행자,959902,1958933,127.0455702,37.62898048
2013,20130425,야간,목,1,1,0,0,0,서울,영등포구,차대사람,기타,기타,안전운전 의무 불이행,단일로,기타단일로,중형,보행자,946729,1944761,126.8973175,37.500577899999996
2013,20130426,야간,금,1,2,1,0,0,서울,강서구,차대차,기타,기타,중앙선 침범,단일로,기타단일로,중형,중형,938049,1953972,126.79834479999998,37.58305416
2013,20130427,주간,토,1,6,4,1,0,서울,서초구,차대차,추돌,주정차중 추돌,안전운전 의무 불이행,단일로,기타단일로,중형,중형,962105,1936710,127.07168300000001,37.42876988
2013,20130428,주간,일,2,6,0,4,0,서울,구로구,차대차,측면직각충돌,측면직각충돌,안전운전 의무 불이행,단일로,기타단일로,중형,소형,945263,1946283,126.88061940000001,37.5142101
2013,20130429,야간,월,1,2,0,1,0,서울,서대문구,차대차,추돌,진행중 추돌,안전운전 의무 불이행,단일로,터널안,중형,중형,951707,1955340,126.95293729999999,37.59620224
2013,20130430,야간,화,1,1,0,0,0,서울,마포구,차대사람,횡단중,횡단중,안전운전 의무 불이행,단일로,기타단일로,중형,보행자,946991,1952025,126.89975700000001,37.56606429
2013,20130501,야간,수,1,1,0,0,0,서울,은평구,차대사람,기타,기타,안전운전 의무 불이행,단일로,횡단보도상,대형,보행자,950437,1955484,126.9385416,37.59743257
2013,20130505,야간,일,1,2,0,1,0,서울,동대문구,차대차,기타,기타,중앙선 침범,단일로,기타단일로,중형,대형,961125,1954525,127.0596644,37.58930271
2013,20130505,주간,일,1,1,0,0,0,서울,강서구,차대차,기타,기타,안전운전 의무 불이행,교차로,교차로부근,원동기장치자전거,대형,942840,1951027,126.8522345,37.5567456
2013,20130506,주간,월,1,2,1,0,0,서울,강남구,차대사람,횡단중,횡단중,안전운전 의무 불이행,교차로,교차로내,대형,보행자,961531,1942312,127.064903,37.47923969
2013,20130507,주간,화,1,6,0,4,1,서울,구로구,차대차,추돌,주정차중 추돌,안전운전 의무 불이행,단일로,기타단일로,소형,소형,942292,1944477,126.84714450000001,37.49775142
2013,20130507,주간,화,1,1,0,0,0,서울,마포구,차대사람,기타,기타,안전운전 의무 불이행,단일로,기타단일로,중형,보행자,946672,1953114,126.89606570000001,37.57586109
2013,20130508,야간,수,1,1,0,0,0,서울,서초구,차대사람,횡단중,횡단중,안전운전 의무 불이행,교차로,교차로부근,대형,보행자,954216,1943116,126.98212079999999,37.48615278
2013,20130508,주간,수,1,1,0,0,0,서울,금천구,차대사람,횡단중,횡단중,안전운전 의무 불이행,교차로,교차로내,중형,보행자,946618,1942156,126.897893,37.47877254
2013,20130508,야간,수,1,1,0,0,0,서울,마포구,차대사람,기타,기타,안전운전 의무 불이행,단일로,기타단일로,대형,보행자,951866,1950244,126.95507309999999,37.55027958
2013,20130509,주간,목,1,1,0,0,0,서울,영등포구,차량단독,전도전복,전도전복,안전운전 의무 불이행,단일로,기타단일로,자전거,0,948206,1945243,126.9139928,37.50500632
2013,20130511,야간,토,1,1,0,0,0,서울,양천구,차량단독,공작물충돌,공작물충돌,안전운전 의무 불이행,단일로,기타단일로,소형,0,944782,1946706,126.87514509999998,37.51799398
2013,20130511,야간,토,1,1,0,0,0,서울,관악구,차대사람,기타,기타,안전운전 의무 불이행,단일로,기타단일로,원동기장치자전거,보행자,949836,1941084,126.9327176,37.46761029
2013,20130513,주간,월,1,1,0,0,0,서울,강북구,차대차,기타,기타,안전운전 의무 불이행,단일로,기타단일로,중형,자전거,958339,1960030,127.02779469999999,37.63879836
2013,20130513,야간,월,1,2,1,0,0,서울,노원구,차대사람,횡단중,횡단중,안전운전 의무 불이행,단일로,기타단일로,중형,보행자,961418,1961023,127.06264009999998,37.64788296
2013,20130514,주간,화,1,1,0,0,0,서울,금천구,차대사람,횡단중,횡단중,안전운전 의무 불이행,단일로,기타단일로,대형,보행자,946848,1940127,126.8989983,37.45881759